,bus,Pmax,Pmin,c2,c1,c0
1,1,245,0,0,16.960624,0
2,3,60,0,0,34.075557,0
3,8,1159,0,0,30.441037,0
4,12,519,0,0,37.188979,0
